JLCPCB BOM Tool - BOM Matching,,,,,,,,,,,,,,,,,
BOM name：motherboard-JLCPCB Assembly Order.xlsx,,,Download Time：2025-10-21 23:37:49,,,,"* Our matching results are updated in real-time, but stock and prices may change. 
If it's been over 24 hours, please re-match before placing your order.",,,,,,,,,,
PCB Assembled Qty：5,,,Est. Total Price：95.7691,,,,,,,,,,,,,,
Your BOM,,,,,Matched Parts,,,,,,,Order Information,,,,,
Top Designator,Bottom Designator,Comment,Footprint,JLCPCB Part #,Matches,Part #,Manufacturer,Footprint,Description,Category,Warning,JLCPCB Part #,Product link,Lib Type,Qty,Source,Total Price ($)
"C30,C60,C65,C86,C28,C52,C42,C3,C16,C27,C4,C10,C37,C9,C67,C36,C71,C39,C15,C69,C85",,10uF,C_0603_1608Metric,,Unconfirmed,CL10A106KP8NNNC,Samsung Electro-Mechanics,603,10V 10uF X5R ±10% 0603 Multilayer Ceramic Capacitors MLCC - SMD/SMT ROHS,Multilayer Ceramic Capacitors MLCC - SMD/SMT,1.Multiple lines in the BOM have been matched to the same part. Please check if the matching is correct. ;,C19702,https://jlcpcb.com/partdetail/20411-CL10A106KP8NNNC/C19702,Basic,145,145 JLCPCB,0.812
"C88,C26,C25,C35,C34,C89",,10uF(C913517),C_0603_1608Metric,,Unconfirmed,CL10A106KP8NNNC,Samsung Electro-Mechanics,603,10V 10uF X5R ±10% 0603 Multilayer Ceramic Capacitors MLCC - SMD/SMT ROHS,Multilayer Ceramic Capacitors MLCC - SMD/SMT,1.Multiple lines in the BOM have been matched to the same part. Please check if the matching is correct. ;,C19702,https://jlcpcb.com/partdetail/20411-CL10A106KP8NNNC/C19702,Basic,145,145 JLCPCB,0.812
"C33,C24,C87",,100nF(+25V),C_0402_1005Metric,,Select by Customer,0402B104K250NT,FH (Guangdong Fenghua Advanced Tech),402,100nF 25V X7R ±10% 0402 Multilayer Ceramic Capacitors MLCC - SMD/SMT ROHS,Multilayer Ceramic Capacitors MLCC - SMD/SMT,,C56392,https://jlcpcb.com/partdetail/57421-0402B104K250NT/C56392,Extended,27,27 JLCPCB,0.0324
"C41,C40,C32,C31",,220pF,C_0402_1005Metric,,Select by System,CL02B221KP2NNNC,Samsung Electro-Mechanics,1005,10V 220pF X7R ±10% 01005 Multilayer Ceramic Capacitors MLCC - SMD/SMT ROHS,Multilayer Ceramic Capacitors MLCC - SMD/SMT,,C514578,https://jlcpcb.com/partdetail/530300-CL02B221KP2NNNC/C514578,Extended,40,40 JLCPCB,0.252
"C43,C46,C44,C45",,1nF,C_0402_1005Metric,,Select by System,GRM022R71C102KE14D,Murata Electronics,1005,16V 1nF ±10% 01005 Multilayer Ceramic Capacitors MLCC - SMD/SMT ROHS,Multilayer Ceramic Capacitors MLCC - SMD/SMT,,C907725,https://jlcpcb.com/partdetail/973775-GRM022R71C102KE14D/C907725,Extended,40,40 JLCPCB,0.264
"C51,C68,C76,C70,C72,C66,C23,C61,C59,C58,C47",,0.1uF,C_0402_1005Metric,,Unconfirmed,GRM022R60J104KE15D,Murata Electronics,1005,100nF 6.3V X5R ±10% 01005 Multilayer Ceramic Capacitors MLCC - SMD/SMT ROHS,Multilayer Ceramic Capacitors MLCC - SMD/SMT,"1.The comment (GRM022R60J104KE15D) of this part does not match the one (0.1uF) provided in your BOM. Please confirm;
2.Multiple lines in the BOM have been matched to the same part. Please check if the matching is correct. ;",C161362,https://jlcpcb.com/partdetail/172743-GRM022R60J104KE15D/C161362,Extended,120,120 JLCPCB,0.312
"C80,C11,C14,C29,C38,C8,C78,C20,C5,C17",,100nF,C_0402_1005Metric,,Unconfirmed,GRM022R60J104KE15D,Murata Electronics,1005,100nF 6.3V X5R ±10% 01005 Multilayer Ceramic Capacitors MLCC - SMD/SMT ROHS,Multilayer Ceramic Capacitors MLCC - SMD/SMT,1.Multiple lines in the BOM have been matched to the same part. Please check if the matching is correct. ;,C161362,https://jlcpcb.com/partdetail/172743-GRM022R60J104KE15D/C161362,Extended,120,120 JLCPCB,0.312
"C64,C63,C81,C82",,15pF,C_0402_1005Metric,,Select by Customer,0402CG150J500NT,FH (Guangdong Fenghua Advanced Tech),402,15pF 50V C0G ±5% 0402 Multilayer Ceramic Capacitors MLCC - SMD/SMT ROHS,Multilayer Ceramic Capacitors MLCC - SMD/SMT,,C1548,https://jlcpcb.com/partdetail/1900-0402CG150J500NT/C1548,Basic,30,30 JLCPCB,0.03
"C74,C6,C13,C21,C7,C18,C19,C12,C73",,22uF,C_0603_1608Metric,,Select by System,CL10A226MQ8NRNC,Samsung Electro-Mechanics,603,22uF 6.3V X5R ±20% 0603 Multilayer Ceramic Capacitors MLCC - SMD/SMT ROHS,Multilayer Ceramic Capacitors MLCC - SMD/SMT,,C59461,https://jlcpcb.com/partdetail/60514-CL10A226MQ8NRNC/C59461,Basic,55,55 JLCPCB,0.4785
"C84,C83,C48,C49,C53,C2,C57,C77,C22,C79,C50,C75,C62,C56,C1,C55,C54",,1uF,C_0402_1005Metric,,Select by Customer,GRM155R60J105KE19D,Murata Electronics,402,1uF 6.3V X5R ±10% 0402 Multilayer Ceramic Capacitors MLCC - SMD/SMT ROHS,Multilayer Ceramic Capacitors MLCC - SMD/SMT,,C15684,https://jlcpcb.com/partdetail/MurataElectronics-GRM155R60J105KE19D/C15684,Extended,95,95 JLCPCB,0.266
"CMC3,CMC2,CMC1",,ACM2012,FIL_ACM2012-900-2P-T001,,Select by System,ACM2012-121-2P-T002,TDK,SMD-4P,-40℃~+85℃ 120Ω@100MHz 2 220mΩ 370mA 50V SMD-4P Common Mode Filters ROHS,Common Mode Filters,,C76571,https://jlcpcb.com/partdetail/TDK-ACM2012_121_2PT002/C76571,Extended,17,17 JLCPCB,1.666
CN1,,PJ-332A-6A(3.5mmJack),AUDIO-SMD_PJ-332A-6A,,Unconfirmed,PJ-332A-6A,Korean Hroparts Elec,SMD,-25℃~+80℃ 1A 3.5mm Headphone Jack 30V SMD Audio Connectors ROHS,Audio Connectors (Headphones),1.The comment (PJ-332A-6A) of this part does not match the one (PJ-332A-6A(3.5mmJack)) provided in your BOM. Please confirm;,C2848643,https://jlcpcb.com/partdetail/Korean_HropartsElec-PJ_332A6A/C2848643,Extended,5,5 JLCPCB,1.186
D1,,+3.3VLED,LED_0603_1608Metric,,Unconfirmed,KT-0603R,Hubei KENTO Elec,603,-40℃~+85℃ 120° 2.4V 20mA 300mcd 40mW 615nm~630nm 645nm Red Water Clear 0603 LED Indication - Discrete ROHS,LED Indication - Discrete,"1.The comment (KT-0603R) of this part does not match the one (+3.3VLED) provided in your BOM. Please confirm;
2.Multiple lines in the BOM have been matched to the same part. Please check if the matching is correct. ;",C2286,https://jlcpcb.com/partdetail/Hubei_KENTOElec-KT0603R/C2286,Basic,35,35 JLCPCB,0.196
D2,,VDDLED,LED_0603_1608Metric,,Unconfirmed,KT-0603R,Hubei KENTO Elec,603,-40℃~+85℃ 120° 2.4V 20mA 300mcd 40mW 615nm~630nm 645nm Red Water Clear 0603 LED Indication - Discrete ROHS,LED Indication - Discrete,"1.The comment (KT-0603R) of this part does not match the one (VDDLED) provided in your BOM. Please confirm;
2.Multiple lines in the BOM have been matched to the same part. Please check if the matching is correct. ;",C2286,https://jlcpcb.com/partdetail/Hubei_KENTOElec-KT0603R/C2286,Basic,35,35 JLCPCB,0.196
D3,,+5VLED,LED_0603_1608Metric,,Unconfirmed,KT-0603R,Hubei KENTO Elec,603,-40℃~+85℃ 120° 2.4V 20mA 300mcd 40mW 615nm~630nm 645nm Red Water Clear 0603 LED Indication - Discrete ROHS,LED Indication - Discrete,"1.The comment (KT-0603R) of this part does not match the one (+5VLED) provided in your BOM. Please confirm;
2.Multiple lines in the BOM have been matched to the same part. Please check if the matching is correct. ;",C2286,https://jlcpcb.com/partdetail/Hubei_KENTOElec-KT0603R/C2286,Basic,35,35 JLCPCB,0.196
D4,,PCIELED,LED_0603_1608Metric,,Unconfirmed,KT-0603R,Hubei KENTO Elec,603,-40℃~+85℃ 120° 2.4V 20mA 300mcd 40mW 615nm~630nm 645nm Red Water Clear 0603 LED Indication - Discrete ROHS,LED Indication - Discrete,"1.The comment (KT-0603R) of this part does not match the one (PCIELED) provided in your BOM. Please confirm;
2.Multiple lines in the BOM have been matched to the same part. Please check if the matching is correct. ;",C2286,https://jlcpcb.com/partdetail/Hubei_KENTOElec-KT0603R/C2286,Basic,35,35 JLCPCB,0.196
D8,,PI6CLED,LED_0603_1608Metric,,Unconfirmed,KT-0603R,Hubei KENTO Elec,603,-40℃~+85℃ 120° 2.4V 20mA 300mcd 40mW 615nm~630nm 645nm Red Water Clear 0603 LED Indication - Discrete ROHS,LED Indication - Discrete,"1.The comment (KT-0603R) of this part does not match the one (PI6CLED) provided in your BOM. Please confirm;
2.Multiple lines in the BOM have been matched to the same part. Please check if the matching is correct. ;",C2286,https://jlcpcb.com/partdetail/Hubei_KENTOElec-KT0603R/C2286,Basic,35,35 JLCPCB,0.196
D5,,LRB521S-30T1G,D_SOD-523,,Select by System,LRB521S-30T1G,LRC,SOD-523,-40℃~+125℃ 1A 200mA 30V 30uA 500mV SOD-523 Schottky Diodes ROHS,Schottky Diodes,,C83681,https://jlcpcb.com/partdetail/LRC-LRB521S30T1G/C83681,Extended,20,20 JLCPCB,0.284
"D6,D7",,LESD8D5.0CB1T5G,D_SOD-882,,Select by System,LESD8D5.0CB1T5G,LRC,SOD-882,-40℃~+150℃ 10A@8/20us 20pF 500nA 5V 85W@8/20us 8V 9V ESD SOD-882 ESD and Surge Protection (TVS/ESD) ROHS,ESD And Surge Protection (TVS/ESD),,C2936709,https://jlcpcb.com/partdetail/LRC-LESD8D50CB1T5G/C2936709,Extended,20,20 JLCPCB,0.176
FB1,,GZ1608D601TF,L_0603_1608Metric,,Select by System,GZ1608D601TF,Sunlord,603,-55℃~+125℃ 1 200mA 450mΩ 600Ω@100MHz ±25% 0603 Ferrite Beads ROHS,Ferrite Beads,,C1002,https://jlcpcb.com/partdetail/Sunlord-GZ1608D601TF/C1002,Basic,20,20 JLCPCB,0.132
"H3,H5,H1,H7",,Hirose,Blank,,Select by Customer,DF40C-100DS-0.4V(51),HRS(Hirose),"SMD,P=0.4mm","-35℃~+85℃ 0.4mm 2 300mA Gold Surface Mount,Vertical SMD,P=0.4mm Board-to-Board and Backplane Connector ROHS",Board-To-Board And Backplane Connector,,C597931,https://jlcpcb.com/partdetail/HRS_Hirose-DF40C_100DS_0_4V_51/C597931,Extended,20,20 JLCPCB,14.49
IC1,,PI6C557-05BLE,SOP65P640X120-20N,,Select by System,PI6C557-05BLE,Diodes Incorporated,TSSOP-20,"-40℃~+85℃ 200MHz 3.135V~3.465V 4 TSSOP-20 Clock Generators, PLLs, Frequency Synthesizers ROHS","Clock Generators, PLLs, Frequency Synthesizers",,C212303,https://jlcpcb.com/partdetail/DiodesIncorporated-PI6C55705BLE/C212303,Extended,5,5 JLCPCB,7.545
J4,,BATTERYIN,Molex_PicoBlade_53261-1071_1x10-1MP_P1.25mm_Horizontal,,Select by Customer,532611071,MOLEX,"SMD,P=1.25mm,卧贴","-40℃~+105℃ 1 1.25mm 10 10P 125V 17.65mm 1A 1x10P 3.4mm 5.2mm Auxiliary Solder Pin Glass-Fiber Reinforced PA Phosphor Bronze PicoBlade(MX 1.25) Surface Mount, Right Angle Tin UL94V-0 White SMD,P=1.25mm,Surface Mount，Right Angle Wire To Board Connector ROHS",Wire To Board Connector,,C564042,https://jlcpcb.com/partdetail/MOLEX-532611071/C564042,Extended,5,5 JLCPCB,1.14
J8,,Bus_M.2_Socket_E,CONN-SMD_APCI0147-P001A,,Unconfirmed,APCI0147-P001A,LOTES,"SMD,P=0.5mm,卧贴","2.05mm 67P Female M.2-E Key Surface Mount, Right Angle with locating pin SMD,P=0.5mm,Surface Mount，Right Angle Hard Disk Connector (SAS/SATA/M.2) ROHS",Edgeboard Connectors,1.The comment (APCI0147-P001A) of this part does not match the one (Bus_M.2_Socket_E) provided in your BOM. Please confirm;,C841646,https://jlcpcb.com/partdetail/LOTES-APCI0147P001A/C841646,Extended,5,5 JLCPCB,3.015
J9,,OuterUSB-C,USB-C-SMD_TYPE-C-24P-QT,,Unconfirmed,TYPE-C 24P QT,SHOU HAN,SMD,"-30℃~+80℃ 1 10,000 Cycles 24P 3A Black Female Surface Mount, Right Angle Type-C USB 3.1 SMD USB Connectors ROHS",USB Connectors,"1.The comment (TYPE-C 24P QT) of this part does not match the one (OuterUSB-C) provided in your BOM. Please confirm;
2.Multiple lines in the BOM have been matched to the same part. Please check if the matching is correct. ;",C2681555,https://jlcpcb.com/partdetail/SHOUHAN-TYPE_C_24PQT/C2681555,Extended,10,10 JLCPCB,4.725
J10,,USB_C_Receptacle,USB-C-SMD_TYPE-C-24P-QT,,Unconfirmed,TYPE-C 24P QT,SHOU HAN,SMD,"-30℃~+80℃ 1 10,000 Cycles 24P 3A Black Female Surface Mount, Right Angle Type-C USB 3.1 SMD USB Connectors ROHS",USB Connectors,"1.The comment (TYPE-C 24P QT) of this part does not match the one (USB_C_Receptacle) provided in your BOM. Please confirm;
2.Multiple lines in the BOM have been matched to the same part. Please check if the matching is correct. ;",C2681555,https://jlcpcb.com/partdetail/SHOUHAN-TYPE_C_24PQT/C2681555,Extended,10,10 JLCPCB,4.725
J12,,HALLSWITCH,FPC-SMD_6P-P0.50_XUNPU_FPC-05F-6PH20,,Unconfirmed,FPC-05F-6PH20,XUNPU,"SMD,P=0.5mm,卧贴","-25℃~+85℃ 0.3mm 0.5mm 2mm 500mA 50V 6P Bottom Contact Hinged Lid Phosphor Bronze Surface Mount, Right Angle Tin SMD,P=0.5mm,Surface Mount，Right Angle FFC, FPC (Flat Flexible) Connector Assemblies ROHS","FFC, FPC (Flat Flexible) Connector Assemblies","1.The comment (FPC-05F-6PH20) of this part does not match the one (HALLSWITCH) provided in your BOM. Please confirm;
2.Multiple lines in the BOM have been matched to the same part. Please check if the matching is correct. ;",C2856796,https://jlcpcb.com/partdetail/XUNPU-FPC_05F6PH20/C2856796,Extended,32,32 JLCPCB,2.6368
J13,,SYSTEM,FPC-SMD_6P-P0.50_XUNPU_FPC-05F-6PH20,,Unconfirmed,FPC-05F-6PH20,XUNPU,"SMD,P=0.5mm,卧贴","-25℃~+85℃ 0.3mm 0.5mm 2mm 500mA 50V 6P Bottom Contact Hinged Lid Phosphor Bronze Surface Mount, Right Angle Tin SMD,P=0.5mm,Surface Mount，Right Angle FFC, FPC (Flat Flexible) Connector Assemblies ROHS","FFC, FPC (Flat Flexible) Connector Assemblies","1.The comment (FPC-05F-6PH20) of this part does not match the one (SYSTEM) provided in your BOM. Please confirm;
2.Multiple lines in the BOM have been matched to the same part. Please check if the matching is correct. ;",C2856796,https://jlcpcb.com/partdetail/XUNPU-FPC_05F6PH20/C2856796,Extended,32,32 JLCPCB,2.6368
"J20,J19,J21,J22",,USB,FPC-SMD_6P-P0.50_XUNPU_FPC-05F-6PH20,,Unconfirmed,FPC-05F-6PH20,XUNPU,"SMD,P=0.5mm,卧贴","-25℃~+85℃ 0.3mm 0.5mm 2mm 500mA 50V 6P Bottom Contact Hinged Lid Phosphor Bronze Surface Mount, Right Angle Tin SMD,P=0.5mm,Surface Mount，Right Angle FFC, FPC (Flat Flexible) Connector Assemblies ROHS","FFC, FPC (Flat Flexible) Connector Assemblies","1.The comment (FPC-05F-6PH20) of this part does not match the one (USB) provided in your BOM. Please confirm;
2.Multiple lines in the BOM have been matched to the same part. Please check if the matching is correct. ;",C2856796,https://jlcpcb.com/partdetail/XUNPU-FPC_05F6PH20/C2856796,Extended,32,32 JLCPCB,2.6368
J23,,Bus_M.2_Socket_M,CONN-SMD_AS0BC21-S30BM-7H,,Unconfirmed,AS0BC21-S30BM-7H,FOXCONN,"SMD,P=0.5mm,卧贴","-40℃~+80℃ 67P Female M.2-M Key Surface Mount, Right Angle with locating pin SMD,P=0.5mm,Surface Mount，Right Angle Hard Disk Connector (SAS/SATA/M.2) ROHS",Edgeboard Connectors,1.The comment (AS0BC21-S30BM-7H) of this part does not match the one (Bus_M.2_Socket_M) provided in your BOM. Please confirm;,C2832351,https://jlcpcb.com/partdetail/FOXCONN-AS0BC21_S30BM7H/C2832351,Extended,5,5 JLCPCB,1.6465
J24,,Micro_SD_Card_Det1,TF-SMD_TF-CARD-H1.8,,Unconfirmed,TF-CARD H1.8,SHOU HAN,SMD,-40℃~+70℃ 1.8mm Connector and Ejector MicroSD Card (TF Card) Push-Push SMD SD Card / Memory Card Connector ROHS,SD Card / Memory Card Connector,1.The comment (TF-CARD H1.8) of this part does not match the one (Micro_SD_Card_Det1) provided in your BOM. Please confirm;,C7529389,https://jlcpcb.com/partdetail/SHOUHAN-TF_CARD_H18/C7529389,Extended,5,5 JLCPCB,0.2845
J25,,USB-231-ARY,USB-A-TH_USB-231-ARY,,Select by System,USB-231-ARY,XUNPU,弯插,-20℃~+70℃ 1 1.5A 14.2mm 30V 4P Female Right Angle Type-A USB 2.0 White Push-Pull USB Connectors ROHS,USB Connectors,,C720525,https://jlcpcb.com/partdetail/XUNPU-USB_231ARY/C720525,Extended,5,5 JLCPCB,0.6685
"L1,L3",,MWSA0603S-3R3MT,L_Sunlord_MWSA0603S,,Select by System,MWSA0603S-3R3MT,Sunlord,"SMD,7x6.6mm","22mΩ 3.3uH 8.5A 9.5A ±20% SMD,7x6.6mm Power Inductors ROHS",Power Inductors,,C408446,https://jlcpcb.com/partdetail/Sunlord-MWSA0603S3R3MT/C408446,Extended,11,11 JLCPCB,1.2474
L2,,FXL0630-4R7-M,L_Sunlord_MWSA0603S,,Select by System,FXL0630-4R7-M,cjiang (Changjiang Microelectronics Tech),"SMD,7x6.6mm","33mΩ 4.7uH 6A 9A Molded Inductor ±20% SMD,7x6.6mm Power Inductors ROHS",Power Inductors,,C167220,https://jlcpcb.com/partdetail/178603-FXL0630_4R7M/C167220,Extended,6,6 JLCPCB,0.5196
Q1,,AO3415A,SOT-23,,Select by System,AO3415A,"UMW(Youtai Semiconductor Co., Ltd.)",SOT-23,-55℃~+150℃ 1 P-Channel 1.45nF 160pF 17.2nC@4.5V 205pF 20V 350mW 36mΩ@4.5V 4A 560mV@250uA N-Channel SOT-23 MOSFETs ROHS,MOSFETs,,C347479,https://jlcpcb.com/partdetail/324139-AO3415A/C347479,Extended,9,9 JLCPCB,0.3321
"Q3,Q2",,2SK3018W,SOT-323_SC-70,,Select by System,2SK3018W,TWGMC,SOT-323,"-55℃~+150℃ 1 N-Channel 1.5V 100mA 13pF 13Ω@2.5V,1mA 200mW 30V 4pF 9pF SOT-323 MOSFETs ROHS",MOSFETs,,C5273793,https://jlcpcb.com/partdetail/TWGMC-2SK3018W/C5273793,Extended,15,15 JLCPCB,0.243
"R5,R15",,510k,R_0402_1005Metric,,Unconfirmed,0105WHJ0514TDE,UNI-ROYAL(Uniroyal Elec),1005,-55℃~+125℃ 15V 31.25mW 510kΩ Thick Film Resistor ±200ppm/℃ ±5% 01005 Chip Resistor - Surface Mount ROHS,Chip Resistor - Surface Mount,1.The comment (0105WHJ0514TDE) of this part does not match the one (510k) provided in your BOM. Please confirm;,C270295,https://jlcpcb.com/partdetail/259825-0105WHJ0514TDE/C270295,Extended,40,40 JLCPCB,0.184
R9,,220k,R_0402_1005Metric,,Unconfirmed,0105WHF2203TDE,UNI-ROYAL(Uniroyal Elec),1005,-55℃~+125℃ 15V 220kΩ 31.25mW Thick Film Resistor ±1% ±200ppm/℃ 01005 Chip Resistor - Surface Mount ROHS,Chip Resistor - Surface Mount,1.The comment (0105WHF2203TDE) of this part does not match the one (220k) provided in your BOM. Please confirm;,C473646,https://jlcpcb.com/partdetail/480039-0105WHF2203TDE/C473646,Extended,40,40 JLCPCB,0.264
R10,,330k,R_0402_1005Metric,,Unconfirmed,0105WHF3303TDE,UNI-ROYAL(Uniroyal Elec),1005,-55℃~+125℃ 15V 31.25mW 330kΩ Thick Film Resistor ±1% ±200ppm/℃ 01005 Chip Resistor - Surface Mount ROHS,Chip Resistor - Surface Mount,1.The comment (0105WHF3303TDE) of this part does not match the one (330k) provided in your BOM. Please confirm;,C778410,https://jlcpcb.com/partdetail/827054-0105WHF3303TDE/C778410,Extended,20,20 JLCPCB,0.06
"R14,R4",,49.9k,R_0402_1005Metric,,Unconfirmed,RC0100FR-0749K9L,YAGEO,1005,-55℃~+125℃ 15V 31.25mW 49.9kΩ Thick Film Resistor ±1% ±200ppm/℃ 01005 Chip Resistor - Surface Mount ROHS,Chip Resistor - Surface Mount,1.The comment (RC0100FR-0749K9L) of this part does not match the one (49.9k) provided in your BOM. Please confirm;,C850275,https://jlcpcb.com/partdetail/YAGEO-RC0100FR0749K9L/C850275,Extended,40,40 JLCPCB,0.108
"R28,R88,R21,R51",,100k,R_0402_1005Metric,,Unconfirmed,RC0100FR-07100KL,YAGEO,1005,-55℃~+125℃ 100kΩ 15V 31.25mW Thick Film Resistor ±1% ±200ppm/℃ 01005 Chip Resistor - Surface Mount ROHS,Chip Resistor - Surface Mount,1.The comment (RC0100FR-07100KL) of this part does not match the one (100k) provided in your BOM. Please confirm;,C723496,https://jlcpcb.com/partdetail/YAGEO-RC0100FR07100KL/C723496,Extended,40,40 JLCPCB,0.108
"R31,R86,R24",,1M,R_0402_1005Metric,,Unconfirmed,MCR004YZPJ105,ROHM Semicon,1005,-55℃~+125℃ 15V 1MΩ 31mW Thick Film Resistor ±250ppm/℃ ±5% 01005 Chip Resistor - Surface Mount ROHS,Chip Resistor - Surface Mount,1.The comment (MCR004YZPJ105) of this part does not match the one (1M) provided in your BOM. Please confirm;,C307987,https://jlcpcb.com/partdetail/ROHMSemicon-MCR004YZPJ105/C307987,Extended,40,40 JLCPCB,0.252
"R33,R25,R32,R26,R50,R19",,2.2k,R_0402_1005Metric,,Unconfirmed,RC0100JR-072K2L,YAGEO,1005,-55℃~+125℃ 15V 2.2kΩ 31.25mW Thick Film Resistor ±200ppm/℃ ±5% 01005 Chip Resistor - Surface Mount ROHS,Chip Resistor - Surface Mount,1.The comment (RC0100JR-072K2L) of this part does not match the one (2.2k) provided in your BOM. Please confirm;,C723377,https://jlcpcb.com/partdetail/YAGEO-RC0100JR072K2L/C723377,Extended,45,45 JLCPCB,0.099
R35,,2.2R,R_0603_1608Metric,,Unconfirmed,0603WAF220KT5E,UNI-ROYAL(Uniroyal Elec),603,-55℃~+155℃ 100mW 2.2Ω 75V Thick Film Resistor ±1% ±400ppm/℃ 0603 Chip Resistor - Surface Mount ROHS,Chip Resistor - Surface Mount,1.The comment (0603WAF220KT5E) of this part does not match the one (2.2R) provided in your BOM. Please confirm;,C22939,https://jlcpcb.com/partdetail/23666-0603WAF220KT5E/C22939,Basic,20,20 JLCPCB,0.032
R37,,1k,R_0402_1005Metric,,Unconfirmed,0105WHJ0102TDE,UNI-ROYAL(Uniroyal Elec),1005,-55℃~+125℃ 15V 1kΩ 31.25mW Thick Film Resistor ±200ppm/℃ ±5% 01005 Chip Resistor - Surface Mount ROHS,Chip Resistor - Surface Mount,1.The comment (0105WHJ0102TDE) of this part does not match the one (1k) provided in your BOM. Please confirm;,C407788,https://jlcpcb.com/partdetail/396345-0105WHJ0102TDE/C407788,Extended,40,40 JLCPCB,0.216
"R39,R43,R41,R40,R71,R42",,100R,R_0402_1005Metric,,Unconfirmed,0105WHJ0101TDE,UNI-ROYAL(Uniroyal Elec),1005,-55℃~+125℃ 100Ω 15V 31.25mW Thick Film Resistor ±400ppm/℃ ±5% 01005 Chip Resistor - Surface Mount ROHS,Chip Resistor - Surface Mount,1.The comment (0105WHJ0101TDE) of this part does not match the one (100R) provided in your BOM. Please confirm;,C270299,https://jlcpcb.com/partdetail/259829-0105WHJ0101TDE/C270299,Extended,45,45 JLCPCB,0.2385
"R52,R57,R7,R8,R1,R12,R67,R16,R44,R13,R46,R45,R68,R2,R6,R56,R38,R34",,10k,R_0402_1005Metric,,Unconfirmed,0105WHJ0103TDE,UNI-ROYAL(Uniroyal Elec),1005,-55℃~+125℃ 10kΩ 15V 31.25mW Thick Film Resistor ±200ppm/℃ ±5% 01005 Chip Resistor - Surface Mount ROHS,Chip Resistor - Surface Mount,1.The comment (0105WHJ0103TDE) of this part does not match the one (10k) provided in your BOM. Please confirm;,C407787,https://jlcpcb.com/partdetail/396344-0105WHJ0103TDE/C407787,Extended,105,105 JLCPCB,0.567
"R63,R17,R55,R61,R54,R87,R20,R27,R53,R18",,0R,R_0402_1005Metric,,Unconfirmed,RC0100FR-070RL,YAGEO,1005,-55℃~+125℃ 0Ω 15V 31.25mW Thick Film Resistor ±1% 01005 Chip Resistor - Surface Mount ROHS,Chip Resistor - Surface Mount,1.The comment (RC0100FR-070RL) of this part does not match the one (0R) provided in your BOM. Please confirm;,C2936587,https://jlcpcb.com/partdetail/YAGEO-RC0100FR070RL/C2936587,Extended,65,65 JLCPCB,0.2535
R66,,4.7k,R_0402_1005Metric,,Unconfirmed,0105WHJ0472TDE,UNI-ROYAL(Uniroyal Elec),1005,-55℃~+125℃ 15V 31.25mW 4.7kΩ Thick Film Resistor ±200ppm/℃ ±5% 01005 Chip Resistor - Surface Mount ROHS,Chip Resistor - Surface Mount,1.The comment (0105WHJ0472TDE) of this part does not match the one (4.7k) provided in your BOM. Please confirm;,C423829,https://jlcpcb.com/partdetail/416779-0105WHJ0472TDE/C423829,Extended,40,40 JLCPCB,0.228
"R69,R36",,470R,R_0402_1005Metric,,Select by Customer,0402WGF4700TCE,UNI-ROYAL(Uniroyal Elec),402,-55℃~+155℃ 470Ω 50V 62.5mW Thick Film Resistor ±1% ±100ppm/℃ 0402 Chip Resistor - Surface Mount ROHS,Chip Resistor - Surface Mount,1.The comment (0402WGF4700TCE) of this part does not match the one (470R) provided in your BOM. Please confirm;,C25117,https://jlcpcb.com/partdetail/25860-0402WGF4700TCE/C25117,Basic,20,20 JLCPCB,0.012
"R72,R85,R62,R60,R76,R58,R80,R82,R81,R84,R70,R59,R83,R75,R47",,33R,R_0402_1005Metric,,Select by Customer,0402WGF330JTCE,UNI-ROYAL(Uniroyal Elec),402,-55℃~+155℃ 33Ω 50V 62.5mW Thick Film Resistor ±1% ±100ppm/℃ 0402 Chip Resistor - Surface Mount ROHS,Chip Resistor - Surface Mount,1.The comment (0402WGF330JTCE) of this part does not match the one (33R) provided in your BOM. Please confirm;,C25105,https://jlcpcb.com/partdetail/25848-0402WGF330JTCE/C25105,Basic,85,85 JLCPCB,0.051
"R73,R64,R74,R77,R78,R65",,49.9R,R_0402_1005Metric,,Unconfirmed,0105WHF499JTDE,UNI-ROYAL(Uniroyal Elec),1005,-55℃~+125℃ 15V 31.25mW 49.9Ω Thick Film Resistor ±1% ±300ppm/℃ 01005 Chip Resistor - Surface Mount ROHS,Chip Resistor - Surface Mount,1.The comment (0105WHF499JTDE) of this part does not match the one (49.9R) provided in your BOM. Please confirm;,C560373,https://jlcpcb.com/partdetail/584835-0105WHF499JTDE/C560373,Extended,45,45 JLCPCB,0.351
"R79,R11,R3",,33k,R_0402_1005Metric,,Unconfirmed,0105WHF3302TDE,UNI-ROYAL(Uniroyal Elec),1005,-55℃~+125℃ 15V 31.25mW 33kΩ Thick Film Resistor ±1% ±200ppm/℃ 01005 Chip Resistor - Surface Mount ROHS,Chip Resistor - Surface Mount,1.The comment (0105WHF3302TDE) of this part does not match the one (33k) provided in your BOM. Please confirm;,C560356,https://jlcpcb.com/partdetail/584818-0105WHF3302TDE/C560356,Extended,40,40 JLCPCB,0.26
"R90,R89,R23,R29,R30,R22",,6.8k,R_0402_1005Metric,,Select by Customer,0402WGF6801TCE,UNI-ROYAL(Uniroyal Elec),402,-55℃~+155℃ 50V 6.8kΩ 62.5mW Thick Film Resistor ±1% ±100ppm/℃ 0402 Chip Resistor - Surface Mount ROHS,Chip Resistor - Surface Mount,1.The comment (0402WGF6801TCE) of this part does not match the one (6.8k) provided in your BOM. Please confirm;,C25917,https://jlcpcb.com/partdetail/26660-0402WGF6801TCE/C25917,Extended,40,40 JLCPCB,0.024
SW1,,PWR,SW_Push_1P1T_XKB_TS-1187A,,Select by Customer,TS-1187A-B-A-B,XKB Connection,"SMD-4P,5.1x5.1mm","-30℃~+85℃ 1.5mm 1.6N 100,000 Cycles 12V 5.1mm 5.1mm 50mA Gold No Round Button SPST Surface Mount,Vertical Without Bracket SMD-4P,5.1x5.1mm Tactile Switches ROHS",Tactile Switches,1.Multiple lines in the BOM have been matched to the same part. Please check if the matching is correct. ;,C318884,https://jlcpcb.com/partdetail/XKBConnection-TS_1187A_B_AB/C318884,Basic,25,25 JLCPCB,0.465
SW2,,RESET,SW_Push_1P1T_XKB_TS-1187A,,Select by Customer,TS-1187A-B-A-B,XKB Connection,"SMD-4P,5.1x5.1mm","-30℃~+85℃ 1.5mm 1.6N 100,000 Cycles 12V 5.1mm 5.1mm 50mA Gold No Round Button SPST Surface Mount,Vertical Without Bracket SMD-4P,5.1x5.1mm Tactile Switches ROHS",Tactile Switches,"1.The comment (TS-1187A-B-A-B) of this part does not match the one (RESET) provided in your BOM. Please confirm;
2.Multiple lines in the BOM have been matched to the same part. Please check if the matching is correct. ;",C318884,https://jlcpcb.com/partdetail/XKBConnection-TS_1187A_B_AB/C318884,Basic,25,25 JLCPCB,0.465
SW3,,MASK,SW_Push_1P1T_XKB_TS-1187A,,Select by Customer,TS-1187A-B-A-B,XKB Connection,"SMD-4P,5.1x5.1mm","-30℃~+85℃ 1.5mm 1.6N 100,000 Cycles 12V 5.1mm 5.1mm 50mA Gold No Round Button SPST Surface Mount,Vertical Without Bracket SMD-4P,5.1x5.1mm Tactile Switches ROHS",Tactile Switches,1.Multiple lines in the BOM have been matched to the same part. Please check if the matching is correct. ;,C318884,https://jlcpcb.com/partdetail/XKBConnection-TS_1187A_B_AB/C318884,Basic,25,25 JLCPCB,0.465
SW4,,RECOVERY,SW_Push_1P1T_XKB_TS-1187A,,Select by Customer,TS-1187A-B-A-B,XKB Connection,"SMD-4P,5.1x5.1mm","-30℃~+85℃ 1.5mm 1.6N 100,000 Cycles 12V 5.1mm 5.1mm 50mA Gold No Round Button SPST Surface Mount,Vertical Without Bracket SMD-4P,5.1x5.1mm Tactile Switches ROHS",Tactile Switches,1.Multiple lines in the BOM have been matched to the same part. Please check if the matching is correct. ;,C318884,https://jlcpcb.com/partdetail/XKBConnection-TS_1187A_B_AB/C318884,Basic,25,25 JLCPCB,0.465
U1,,RT9193-18GB,SOT-23-5,,Select by System,RT9193-18GB,Richtek Tech,SOT-23-5,"-40℃~+85℃@(Ta) 1 1.8V 100uVrms 300mA 300mV@(300mA) 5.5V 70dB@(100Hz) 90uA Fixed Over Current Protection Positive SOT-23-5 Voltage Regulators - Linear, Low Drop Out (LDO) Regulators ROHS","Voltage Regulators - Linear, Low Drop Out (LDO) Regulators",,C27416,https://jlcpcb.com/partdetail/RichtekTech-RT919318GB/C27416,Extended,7,7 JLCPCB,0.8981
"U4,U3,U2",,TPS564257DRLR,SOT50P160X60-6N,,Select by System,TPS564257DRLR,Texas Instruments,SOT-563,-40℃~+125℃@(TJ) 1 370uA 3V~17V 4A 600kHz 600mV~10V Adjustable Buck Buck Built-In Yes SOT-563 DC-DC Converters ROHS,DC-DC Converters,,C19272233,https://jlcpcb.com/partdetail/TexasInstruments-TPS564257DRLR/C19272233,Extended,15,15 JLCPCB,5.1525
"U6,U12,U24",,SY6280AAC,SOT-23-5,,Select by System,SY6280AAC,Silergy Corp,SOT-23-5,-40℃~+125℃ 1 2.4V~5.5V 80mΩ Active High High Side Switch Overcurrent Protection(OCP) SOT-23-5 Power Distribution Switches ROHS,Power Distribution Switches,,C55136,https://jlcpcb.com/partdetail/SilergyCorp-SY6280AAC/C55136,Extended,17,17 JLCPCB,1.3923
"U7,U13",,FUSB302BUCX,WLCSP9_1P2X1P2_ONS,,Select by System,FUSB302BUCX,onsemi,WLCSP-9(1.2x1.3),-40℃~+85℃ 2.8V~5.5V Controller WLCSP-9(1.2x1.3) USB Converters ROHS,USB Converters,,C891307,https://jlcpcb.com/partdetail/onsemi-FUSB302BUCX/C891307,Extended,10,10 JLCPCB,4.77
"U8,U14,U10,U26,U16,U22,U15,U9,U23",,TPD4E02B04,USON-10_2.5x1.0mm_P0.5mm,,Select by System,TPD4E02B04DQAR,Texas Instruments,USON-10(1x2.5),-40℃~+125℃ 0.33pF 10nA 17W@8/20us 2A@8/20us 3.6V 4 7.5V 8.8V Bidirectional IEC 61000-4-2 TVS USON-10(1x2.5) ESD and Surge Protection (TVS/ESD) ROHS,ESD And Surge Protection (TVS/ESD),,C106794,https://jlcpcb.com/partdetail/TexasInstruments-TPD4E02B04DQAR/C106794,Extended,47,47 JLCPCB,4.6342
U17,,SPIFlash,WSON-8-1EP_6x5mm_P1.27mm_EP3.4x4.3mm,,Select by Customer,W25Q128JVPIQ,Winbond Elec,WSON-8-EP(5x6),"100,000 Cycles 120ms@(32KB) 128Mbit 133MHz 2.7V~3.6V 20 Years SPI WSON-8-EP(5x6) NOR FLASH ROHS",NOR FLASH,,C190862,https://jlcpcb.com/partdetail/WinbondElec-W25Q128JVPIQ/C190862,Extended,5,5 JLCPCB,4.875
U18,,TPS22917DBV,SOT-23-6,,Select by System,TPS22917DBVR,Texas Instruments,SOT-23-6,-40℃~+125℃ 0V~5.5V 1 2A 80mΩ Active High Load Switch SOT-23-6 Power Distribution Switches ROHS,Power Distribution Switches,,C2681320,https://jlcpcb.com/partdetail/TexasInstruments-TPS22917DBVR/C2681320,Extended,5,5 JLCPCB,1.449
U20,,CH334F,QFN-24-1EP_4x4mm_P0.5mm_EP2.6x2.6mm,,Select by System,CH334F,WCH(Jiangsu Qin Heng),QFN-24(4x4),-40℃~+85℃ 0.4mA 3.3V 4 480Mbps 85mA Hub I2C USB 2.0 QFN-24(4x4) USB HUB Controllers ROHS,USB HUB Controllers,,C5187527,https://jlcpcb.com/partdetail/WCH_Jiangsu_Qin_Heng-CH334F/C5187527,Extended,5,5 JLCPCB,2.7225
U21,,AP2127K-3.3,SOT-23-5,,Select by System,AP2127K-3.3TRG1,Diodes Incorporated,SOT-23-5,"-40℃~+85℃@(Ta) 1 170mV@(300mA) 3.3V 300mA 60uA 60uVrms 68dB@(1kHz) 6V Fixed Over Current Protection Positive SOT-23-5 Voltage Regulators - Linear, Low Drop Out (LDO) Regulators ROHS","Voltage Regulators - Linear, Low Drop Out (LDO) Regulators",,C156285,https://jlcpcb.com/partdetail/DiodesIncorporated-AP2127K_33TRG1/C156285,Extended,9,9 JLCPCB,0.6777
"U25,U5,U11",,TVS2200DRV,WSON-6-1EP_2x2mm_P0.65mm_EP1x1.6mm,,Select by System,TVS2200DRVR,Texas Instruments,WSON-6-EP(2x2),-40℃~+125℃ 1.12kW@8/20us 105pF 22V 25.9V 27.7V 3.5nA 40A@8/20us IEC 61000-4-2 TVS Unidirectional WSON-6-EP(2x2) ESD and Surge Protection (TVS/ESD) ROHS,ESD And Surge Protection (TVS/ESD),,C523793,https://jlcpcb.com/partdetail/TexasInstruments-TVS2200DRVR/C523793,Extended,15,15 JLCPCB,4.986
Y1,,12MHz,Crystal_SMD_3225-4Pin_3.2x2.5mm,,Unconfirmed,DSX321G 12MHz,KDS Daishinku,SMD3225-4P,SMD3225-4P Crystals ROHS,Crystals,1.The comment (DSX321G 12MHz) of this part does not match the one (12MHz) provided in your BOM. Please confirm;,C93234,https://jlcpcb.com/partdetail/KDSDaishinku-DSX321G12MHz/C93234,Extended,5,5 JLCPCB,1.9725
Y2,,25MHz,Crystal_SMD_3225-4Pin_3.2x2.5mm,,Select by Customer,X49SM25MSD2SC,YXC Crystal Oscillators,HC-49S-SMD,-20℃~+70℃ 20pF 25MHz Crystal Oscillator ±20ppm ±30ppm HC-49S-SMD Crystals ROHS,Crystals,,C14872,https://jlcpcb.com/partdetail/YXC_CrystalOscillators-X49SM25MSD2SC/C14872,Extended,6,6 JLCPCB,0.5844
J15,,20455-040E-76OLEDIPEX,IPEX_20455-040E-76,,selected,IPEX_20455-040E-76,,,,,,C154526,,Extended,1,1 JLCPCB,2.689
J1,,"Raspberry Pi Compute Module 5- 2GB RAM, 32GB eMMC, 2.4/5.0GHz Wi-Fi & Bluetooth 5.0 (CM5102032)",,,Selected,"Raspberry Pi Compute Module 5- 2GB RAM, 32GB eMMC, 2.4/5.0GHz Wi-Fi & Bluetooth 5.0 (CM5102032)",,,,,,"Raspberry Pi Compute Module 5- 2GB RAM, 32GB eMMC, 2.4/5.0GHz Wi-Fi & Bluetooth 5.0 (CM5102032)",,,1,1,99
J8,,RTL8852BE M.2 WiFi/BT card,,,Selected,RTL8852BE M.2 WiFi/BT card,,,,,,RTL8852BE M.2 WiFi/BT card,,,1,1,20
TOTAL Amount ,,,,,,,,,,,,,,,,,217.4581

